,timestamp,cpu_utilization,device_name,vendor,model,os,version,hw_revision,role,ip_address,mem_utilization
0,1716630032,,E-1-1,Versa,versa_1,VOS,21.1.0,hw-versa-0001,vedge_hub,10.3.1.1,34.0
1,1716630032,30,E-1-1,Versa,versa_1,VOS,21.1.0,hw-versa-0001,vedge_hub,10.3.1.1,
2,1716630032,,E-1-2,Versa,versa_1,VOS,21.1.0,hw-versa-0001,vedge_hub,10.3.1.2,34.0
3,1716630032,31,E-1-2,Versa,versa_1,VOS,21.1.0,hw-versa-0001,vedge_hub,10.3.1.2,
4,1716630032,,E-2-1,Versa,versa_1,VOS,21.1.0,hw-versa-0001,vedge_branch,10.3.2.1,32.0
5,1716630032,31,E-2-1,Versa,versa_1,VOS,21.1.0,hw-versa-0001,vedge_branch,10.3.2.1,
6,1716630032,,E-2-2,Versa,versa_1,VOS,21.1.0,hw-versa-0001,vedge_branch,10.3.2.2,31.0
7,1716630032,31,E-2-2,Versa,versa_1,VOS,21.1.0,hw-versa-0001,vedge_branch,10.3.2.2,
8,1716630032,,E-3-1,Versa,versa_1,VOS,21.1.0,hw-versa-0001,vedge_branch,10.3.3.1,33.0
9,1716630032,31,E-3-1,Versa,versa_1,VOS,21.1.0,hw-versa-0001,vedge_branch,10.3.3.1,
10,1716630032,,E-3-2,Versa,versa_1,VOS,21.1.0,hw-versa-0001,vedge_branch,10.3.3.2,31.0
11,1716630032,30,E-3-2,Versa,versa_1,VOS,21.1.0,hw-versa-0001,vedge_branch,10.3.3.2,
12,1716630032,,E-4-1,Versa,versa_1,VOS,21.1.0,hw-versa-0001,vedge_branch,10.3.4.1,33.0
13,1716630032,32,E-4-1,Versa,versa_1,VOS,21.1.0,hw-versa-0001,vedge_branch,10.3.4.1,
14,1716630032,,E-4-2,Versa,versa_1,VOS,21.1.0,hw-versa-0001,vedge_branch,10.3.4.2,32.0
15,1716630032,32,E-4-2,Versa,versa_1,VOS,21.1.0,hw-versa-0001,vedge_branch,10.3.4.2,
16,1716630032,,E-5-1,Versa,versa_1,VOS,21.1.0,hw-versa-0001,vedge_branch,10.3.5.1,32.0
17,1716630032,34,E-5-1,Versa,versa_1,VOS,21.1.0,hw-versa-0001,vedge_branch,10.3.5.1,
18,1716630032,,E-5-2,Versa,versa_1,VOS,21.1.0,hw-versa-0001,vedge_branch,10.3.5.2,34.0
19,1716630032,34,E-5-2,Versa,versa_1,VOS,21.1.0,hw-versa-0001,vedge_branch,10.3.5.2,
20,1716630032,,E-6-1,Versa,versa_1,VOS,21.1.0,hw-versa-0001,vedge_branch,10.3.6.1,32.0
21,1716630032,33,E-6-1,Versa,versa_1,VOS,21.1.0,hw-versa-0001,vedge_branch,10.3.6.1,
22,1716630032,,E-6-2,Versa,versa_1,VOS,21.1.0,hw-versa-0001,vedge_branch,10.3.6.2,30.0
23,1716630032,30,E-6-2,Versa,versa_1,VOS,21.1.0,hw-versa-0001,vedge_branch,10.3.6.2,
24,1716630032,,E-7-1,Versa,versa_1,VOS,21.1.0,hw-versa-0001,vedge_branch,10.3.7.1,33.0
25,1716630032,31,E-7-1,Versa,versa_1,VOS,21.1.0,hw-versa-0001,vedge_branch,10.3.7.1,
26,1716630032,,E-7-2,Versa,versa_1,VOS,21.1.0,hw-versa-0001,vedge_branch,10.3.7.2,32.0
27,1716630032,34,E-7-2,Versa,versa_1,VOS,21.1.0,hw-versa-0001,vedge_branch,10.3.7.2,
28,1716630032,,E-8-1,Versa,versa_1,VOS,21.1.0,hw-versa-0001,vedge_branch,10.3.8.1,32.0
29,1716630032,31,E-8-1,Versa,versa_1,VOS,21.1.0,hw-versa-0001,vedge_branch,10.3.8.1,
30,1716630032,,E-8-2,Versa,versa_1,VOS,21.1.0,hw-versa-0001,vedge_branch,10.3.8.2,31.0
31,1716630032,33,E-8-2,Versa,versa_1,VOS,21.1.0,hw-versa-0001,vedge_branch,10.3.8.2,
32,1716630032,,E-9-1,Versa,versa_1,VOS,21.1.0,hw-versa-0001,vedge_branch,10.3.9.1,31.0
33,1716630032,32,E-9-1,Versa,versa_1,VOS,21.1.0,hw-versa-0001,vedge_branch,10.3.9.1,
34,1716630032,,E-9-2,Versa,versa_1,VOS,21.1.0,hw-versa-0001,vedge_branch,10.3.9.2,32.0
35,1716630032,31,E-9-2,Versa,versa_1,VOS,21.1.0,hw-versa-0001,vedge_branch,10.3.9.2,
36,1716630032,,E-10-1,Versa,versa_1,VOS,21.1.0,hw-versa-0001,vedge_branch,10.3.10.1,33.0
37,1716630032,34,E-10-1,Versa,versa_1,VOS,21.1.0,hw-versa-0001,vedge_branch,10.3.10.1,
38,1716630032,,E-10-2,Versa,versa_1,VOS,21.1.0,hw-versa-0001,vedge_branch,10.3.10.2,33.0
39,1716630032,30,E-10-2,Versa,versa_1,VOS,21.1.0,hw-versa-0001,vedge_branch,10.3.10.2,
40,1716630032,,E-11-1,Versa,versa_1,VOS,21.1.0,hw-versa-0001,vedge_branch,10.3.11.1,31.0
41,1716630032,30,E-11-1,Versa,versa_1,VOS,21.1.0,hw-versa-0001,vedge_branch,10.3.11.1,
42,1716630032,,E-11-2,Versa,versa_1,VOS,21.1.0,hw-versa-0001,vedge_branch,10.3.11.2,34.0
43,1716630032,34,E-11-2,Versa,versa_1,VOS,21.1.0,hw-versa-0001,vedge_branch,10.3.11.2,
44,1716630032,,E-12-1,Versa,versa_1,VOS,21.1.0,hw-versa-0001,vedge_branch,10.3.12.1,34.0
45,1716630032,32,E-12-1,Versa,versa_1,VOS,21.1.0,hw-versa-0001,vedge_branch,10.3.12.1,
46,1716630032,,E-12-2,Versa,versa_1,VOS,21.1.0,hw-versa-0001,vedge_branch,10.3.12.2,30.0
47,1716630032,30,E-12-2,Versa,versa_1,VOS,21.1.0,hw-versa-0001,vedge_branch,10.3.12.2,
48,1716630032,,E-13-1,Versa,versa_1,VOS,21.1.0,hw-versa-0001,vedge_branch,10.3.13.1,31.0
49,1716630032,34,E-13-1,Versa,versa_1,VOS,21.1.0,hw-versa-0001,vedge_branch,10.3.13.1,
50,1716630032,,E-13-2,Versa,versa_1,VOS,21.1.0,hw-versa-0001,vedge_branch,10.3.13.2,31.0
51,1716630032,33,E-13-2,Versa,versa_1,VOS,21.1.0,hw-versa-0001,vedge_branch,10.3.13.2,
52,1716630032,,E-14-1,Versa,versa_1,VOS,21.1.0,hw-versa-0001,vedge_branch,10.3.14.1,30.0
53,1716630032,34,E-14-1,Versa,versa_1,VOS,21.1.0,hw-versa-0001,vedge_branch,10.3.14.1,
54,1716630032,,E-14-2,Versa,versa_1,VOS,21.1.0,hw-versa-0001,vedge_branch,10.3.14.2,33.0
55,1716630032,34,E-14-2,Versa,versa_1,VOS,21.1.0,hw-versa-0001,vedge_branch,10.3.14.2,
56,1716630032,,E-15-1,Versa,versa_1,VOS,21.1.0,hw-versa-0001,vedge_branch,10.3.15.1,32.0
57,1716630032,34,E-15-1,Versa,versa_1,VOS,21.1.0,hw-versa-0001,vedge_branch,10.3.15.1,
58,1716630032,,E-15-2,Versa,versa_1,VOS,21.1.0,hw-versa-0001,vedge_branch,10.3.15.2,33.0
59,1716630032,33,E-15-2,Versa,versa_1,VOS,21.1.0,hw-versa-0001,vedge_branch,10.3.15.2,
60,1716630032,,E-16-1,Versa,versa_1,VOS,21.1.0,hw-versa-0001,vedge_branch,10.3.16.1,30.0
61,1716630032,34,E-16-1,Versa,versa_1,VOS,21.1.0,hw-versa-0001,vedge_branch,10.3.16.1,
62,1716630032,,E-16-2,Versa,versa_1,VOS,21.1.0,hw-versa-0001,vedge_branch,10.3.16.2,30.0
63,1716630032,31,E-16-2,Versa,versa_1,VOS,21.1.0,hw-versa-0001,vedge_branch,10.3.16.2,
64,1716630032,,E-17-1,Versa,versa_1,VOS,21.1.0,hw-versa-0001,vedge_branch,10.3.17.1,32.0
65,1716630032,32,E-17-1,Versa,versa_1,VOS,21.1.0,hw-versa-0001,vedge_branch,10.3.17.1,
66,1716630032,,E-17-2,Versa,versa_1,VOS,21.1.0,hw-versa-0001,vedge_branch,10.3.17.2,32.0
67,1716630032,30,E-17-2,Versa,versa_1,VOS,21.1.0,hw-versa-0001,vedge_branch,10.3.17.2,
68,1716630032,,E-18-1,Versa,versa_1,VOS,21.1.0,hw-versa-0001,vedge_branch,10.3.18.1,33.0
69,1716630032,31,E-18-1,Versa,versa_1,VOS,21.1.0,hw-versa-0001,vedge_branch,10.3.18.1,
70,1716630032,,E-18-2,Versa,versa_1,VOS,21.1.0,hw-versa-0001,vedge_branch,10.3.18.2,33.0
71,1716630032,32,E-18-2,Versa,versa_1,VOS,21.1.0,hw-versa-0001,vedge_branch,10.3.18.2,
72,1716630032,,E-19-1,Versa,versa_1,VOS,21.1.0,hw-versa-0001,vedge_branch,10.3.19.1,32.0
73,1716630032,31,E-19-1,Versa,versa_1,VOS,21.1.0,hw-versa-0001,vedge_branch,10.3.19.1,
74,1716630032,,E-19-2,Versa,versa_1,VOS,21.1.0,hw-versa-0001,vedge_branch,10.3.19.2,32.0
75,1716630032,31,E-19-2,Versa,versa_1,VOS,21.1.0,hw-versa-0001,vedge_branch,10.3.19.2,
76,1716630032,,E-20-1,Versa,versa_1,VOS,21.1.0,hw-versa-0001,vedge_branch,10.3.20.1,30.0
77,1716630032,30,E-20-1,Versa,versa_1,VOS,21.1.0,hw-versa-0001,vedge_branch,10.3.20.1,
78,1716630032,,E-20-2,Versa,versa_1,VOS,21.1.0,hw-versa-0001,vedge_branch,10.3.20.2,30.0
79,1716630032,31,E-20-2,Versa,versa_1,VOS,21.1.0,hw-versa-0001,vedge_branch,10.3.20.2,
80,1716630032,,E-21-1,Versa,versa_1,VOS,21.1.0,hw-versa-0001,vedge_branch,10.3.21.1,32.0
81,1716630032,34,E-21-1,Versa,versa_1,VOS,21.1.0,hw-versa-0001,vedge_branch,10.3.21.1,
82,1716630032,,E-21-2,Versa,versa_1,VOS,21.1.0,hw-versa-0001,vedge_branch,10.3.21.2,30.0
83,1716630032,32,E-21-2,Versa,versa_1,VOS,21.1.0,hw-versa-0001,vedge_branch,10.3.21.2,
84,1716630032,,E-22-1,Versa,versa_1,VOS,21.1.0,hw-versa-0001,vedge_branch,10.3.22.1,33.0
85,1716630032,33,E-22-1,Versa,versa_1,VOS,21.1.0,hw-versa-0001,vedge_branch,10.3.22.1,
86,1716630032,,E-22-2,Versa,versa_1,VOS,21.1.0,hw-versa-0001,vedge_branch,10.3.22.2,31.0
87,1716630032,34,E-22-2,Versa,versa_1,VOS,21.1.0,hw-versa-0001,vedge_branch,10.3.22.2,
88,1716630032,,E-23-1,Versa,versa_1,VOS,21.1.0,hw-versa-0001,vedge_branch,10.3.23.1,32.0
89,1716630032,33,E-23-1,Versa,versa_1,VOS,21.1.0,hw-versa-0001,vedge_branch,10.3.23.1,
90,1716630032,,E-23-2,Versa,versa_1,VOS,21.1.0,hw-versa-0001,vedge_branch,10.3.23.2,31.0
91,1716630032,32,E-23-2,Versa,versa_1,VOS,21.1.0,hw-versa-0001,vedge_branch,10.3.23.2,
92,1716630032,,E-24-1,Versa,versa_1,VOS,21.1.0,hw-versa-0001,vedge_branch,10.3.24.1,31.0
93,1716630032,30,E-24-1,Versa,versa_1,VOS,21.1.0,hw-versa-0001,vedge_branch,10.3.24.1,
94,1716630032,,E-24-2,Versa,versa_1,VOS,21.1.0,hw-versa-0001,vedge_branch,10.3.24.2,33.0
95,1716630032,31,E-24-2,Versa,versa_1,VOS,21.1.0,hw-versa-0001,vedge_branch,10.3.24.2,
96,1716630032,,E-25-1,Versa,versa_1,VOS,21.1.0,hw-versa-0001,vedge_branch,10.3.25.1,33.0
97,1716630032,32,E-25-1,Versa,versa_1,VOS,21.1.0,hw-versa-0001,vedge_branch,10.3.25.1,
98,1716630032,,E-25-2,Versa,versa_1,VOS,21.1.0,hw-versa-0001,vedge_branch,10.3.25.2,34.0
99,1716630032,31,E-25-2,Versa,versa_1,VOS,21.1.0,hw-versa-0001,vedge_branch,10.3.25.2,
100,1716630032,,E-26-1,Versa,versa_1,VOS,21.1.0,hw-versa-0001,vedge_branch,10.3.26.1,31.0
101,1716630032,33,E-26-1,Versa,versa_1,VOS,21.1.0,hw-versa-0001,vedge_branch,10.3.26.1,
102,1716630032,,E-26-2,Versa,versa_1,VOS,21.1.0,hw-versa-0001,vedge_branch,10.3.26.2,33.0
103,1716630032,30,E-26-2,Versa,versa_1,VOS,21.1.0,hw-versa-0001,vedge_branch,10.3.26.2,
104,1716630032,,E-27-1,Versa,versa_1,VOS,21.1.0,hw-versa-0001,vedge_branch,10.3.27.1,32.0
105,1716630032,32,E-27-1,Versa,versa_1,VOS,21.1.0,hw-versa-0001,vedge_branch,10.3.27.1,
106,1716630032,,E-27-2,Versa,versa_1,VOS,21.1.0,hw-versa-0001,vedge_branch,10.3.27.2,32.0
107,1716630032,31,E-27-2,Versa,versa_1,VOS,21.1.0,hw-versa-0001,vedge_branch,10.3.27.2,
108,1716630032,,E-28-1,Versa,versa_1,VOS,21.1.0,hw-versa-0001,vedge_branch,10.3.28.1,33.0
109,1716630032,30,E-28-1,Versa,versa_1,VOS,21.1.0,hw-versa-0001,vedge_branch,10.3.28.1,
110,1716630032,,E-28-2,Versa,versa_1,VOS,21.1.0,hw-versa-0001,vedge_branch,10.3.28.2,30.0
111,1716630032,30,E-28-2,Versa,versa_1,VOS,21.1.0,hw-versa-0001,vedge_branch,10.3.28.2,
112,1716630032,,E-29-1,Versa,versa_1,VOS,21.1.0,hw-versa-0001,vedge_branch,10.3.29.1,32.0
113,1716630032,34,E-29-1,Versa,versa_1,VOS,21.1.0,hw-versa-0001,vedge_branch,10.3.29.1,
114,1716630032,,E-29-2,Versa,versa_1,VOS,21.1.0,hw-versa-0001,vedge_branch,10.3.29.2,30.0
115,1716630032,31,E-29-2,Versa,versa_1,VOS,21.1.0,hw-versa-0001,vedge_branch,10.3.29.2,
116,1716630032,,E-30-1,Versa,versa_1,VOS,21.1.0,hw-versa-0001,vedge_branch,10.3.30.1,32.0
117,1716630032,52,E-30-1,Versa,versa_1,VOS,21.1.0,hw-versa-0001,vedge_branch,10.3.30.1,
118,1716630032,,E-30-2,Versa,versa_1,VOS,21.1.0,hw-versa-0001,vedge_branch,10.3.30.2,32.0
119,1716630032,50,E-30-2,Versa,versa_1,VOS,21.1.0,hw-versa-0001,vedge_branch,10.3.30.2,
120,1716630032,,E-31-1,Versa,versa_1,VOS,21.1.0,hw-versa-0001,vedge_branch,10.3.31.1,32.0
121,1716630032,53,E-31-1,Versa,versa_1,VOS,21.1.0,hw-versa-0001,vedge_branch,10.3.31.1,
122,1716630032,,E-31-2,Versa,versa_1,VOS,21.1.0,hw-versa-0001,vedge_branch,10.3.31.2,32.0
123,1716630032,50,E-31-2,Versa,versa_1,VOS,21.1.0,hw-versa-0001,vedge_branch,10.3.31.2,
124,1716630032,,E-32-1,Versa,versa_1,VOS,21.1.0,hw-versa-0001,vedge_branch,10.3.32.1,31.0
125,1716630032,54,E-32-1,Versa,versa_1,VOS,21.1.0,hw-versa-0001,vedge_branch,10.3.32.1,
126,1716630032,,E-32-2,Versa,versa_1,VOS,21.1.0,hw-versa-0001,vedge_branch,10.3.32.2,32.0
127,1716630032,52,E-32-2,Versa,versa_1,VOS,21.1.0,hw-versa-0001,vedge_branch,10.3.32.2,
128,1716630032,,E-33-1,Versa,versa_1,VOS,21.1.0,hw-versa-0001,vedge_branch,10.3.33.1,31.0
129,1716630032,53,E-33-1,Versa,versa_1,VOS,21.1.0,hw-versa-0001,vedge_branch,10.3.33.1,
130,1716630032,,E-33-2,Versa,versa_1,VOS,21.1.0,hw-versa-0001,vedge_branch,10.3.33.2,30.0
131,1716630032,51,E-33-2,Versa,versa_1,VOS,21.1.0,hw-versa-0001,vedge_branch,10.3.33.2,
132,1716630032,,E-34-1,Versa,versa_1,VOS,21.1.0,hw-versa-0001,vedge_branch,10.3.34.1,30.0
133,1716630032,54,E-34-1,Versa,versa_1,VOS,21.1.0,hw-versa-0001,vedge_branch,10.3.34.1,
134,1716630032,,E-34-2,Versa,versa_1,VOS,21.1.0,hw-versa-0001,vedge_branch,10.3.34.2,31.0
135,1716630032,51,E-34-2,Versa,versa_1,VOS,21.1.0,hw-versa-0001,vedge_branch,10.3.34.2,
136,1716630032,,E-35-1,Versa,versa_1,VOS,21.1.0,hw-versa-0001,vedge_branch,10.3.35.1,30.0
137,1716630032,54,E-35-1,Versa,versa_1,VOS,21.1.0,hw-versa-0001,vedge_branch,10.3.35.1,
138,1716630032,,E-35-2,Versa,versa_1,VOS,21.1.0,hw-versa-0001,vedge_branch,10.3.35.2,33.0
139,1716630032,50,E-35-2,Versa,versa_1,VOS,21.1.0,hw-versa-0001,vedge_branch,10.3.35.2,
140,1716630032,,E-36-1,Versa,versa_1,VOS,21.1.0,hw-versa-0001,vedge_branch,10.3.36.1,34.0
141,1716630032,53,E-36-1,Versa,versa_1,VOS,21.1.0,hw-versa-0001,vedge_branch,10.3.36.1,
142,1716630032,,E-36-2,Versa,versa_1,VOS,21.1.0,hw-versa-0001,vedge_branch,10.3.36.2,34.0
143,1716630032,52,E-36-2,Versa,versa_1,VOS,21.1.0,hw-versa-0001,vedge_branch,10.3.36.2,
144,1716630032,,E-37-1,Versa,versa_1,VOS,21.1.0,hw-versa-0001,vedge_branch,10.3.37.1,34.0
145,1716630032,50,E-37-1,Versa,versa_1,VOS,21.1.0,hw-versa-0001,vedge_branch,10.3.37.1,
146,1716630032,,E-37-2,Versa,versa_1,VOS,21.1.0,hw-versa-0001,vedge_branch,10.3.37.2,30.0
147,1716630032,54,E-37-2,Versa,versa_1,VOS,21.1.0,hw-versa-0001,vedge_branch,10.3.37.2,
148,1716630032,,E-38-1,Versa,versa_1,VOS,21.1.0,hw-versa-0001,vedge_branch,10.3.38.1,34.0
149,1716630032,51,E-38-1,Versa,versa_1,VOS,21.1.0,hw-versa-0001,vedge_branch,10.3.38.1,
150,1716630032,,E-38-2,Versa,versa_1,VOS,21.1.0,hw-versa-0001,vedge_branch,10.3.38.2,30.0
151,1716630032,53,E-38-2,Versa,versa_1,VOS,21.1.0,hw-versa-0001,vedge_branch,10.3.38.2,
152,1716630032,,E-39-1,Versa,versa_1,VOS,21.1.0,hw-versa-0001,vedge_branch,10.3.39.1,32.0
153,1716630032,52,E-39-1,Versa,versa_1,VOS,21.1.0,hw-versa-0001,vedge_branch,10.3.39.1,
154,1716630032,,E-39-2,Versa,versa_1,VOS,21.1.0,hw-versa-0001,vedge_branch,10.3.39.2,30.0
155,1716630032,53,E-39-2,Versa,versa_1,VOS,21.1.0,hw-versa-0001,vedge_branch,10.3.39.2,
156,1716630032,,E-40-1,Versa,versa_1,VOS,21.1.0,hw-versa-0001,vedge_branch,10.3.40.1,33.0
157,1716630032,54,E-40-1,Versa,versa_1,VOS,21.1.0,hw-versa-0001,vedge_branch,10.3.40.1,
158,1716630032,,E-40-2,Versa,versa_1,VOS,21.1.0,hw-versa-0001,vedge_branch,10.3.40.2,33.0
159,1716630032,54,E-40-2,Versa,versa_1,VOS,21.1.0,hw-versa-0001,vedge_branch,10.3.40.2,
160,1716630032,,E-41-1,Versa,versa_1,VOS,21.1.0,hw-versa-0001,vedge_branch,10.3.41.1,34.0
161,1716630032,52,E-41-1,Versa,versa_1,VOS,21.1.0,hw-versa-0001,vedge_branch,10.3.41.1,
162,1716630032,,E-41-2,Versa,versa_1,VOS,21.1.0,hw-versa-0001,vedge_branch,10.3.41.2,32.0
163,1716630032,52,E-41-2,Versa,versa_1,VOS,21.1.0,hw-versa-0001,vedge_branch,10.3.41.2,
164,1716630032,,E-42-1,Versa,versa_1,VOS,21.1.0,hw-versa-0001,vedge_branch,10.3.42.1,30.0
165,1716630032,54,E-42-1,Versa,versa_1,VOS,21.1.0,hw-versa-0001,vedge_branch,10.3.42.1,
166,1716630032,,E-42-2,Versa,versa_1,VOS,21.1.0,hw-versa-0001,vedge_branch,10.3.42.2,31.0
167,1716630032,53,E-42-2,Versa,versa_1,VOS,21.1.0,hw-versa-0001,vedge_branch,10.3.42.2,
168,1716630032,,E-43-1,Versa,versa_1,VOS,21.1.0,hw-versa-0001,vedge_branch,10.3.43.1,32.0
169,1716630032,54,E-43-1,Versa,versa_1,VOS,21.1.0,hw-versa-0001,vedge_branch,10.3.43.1,
170,1716630032,,E-43-2,Versa,versa_1,VOS,21.1.0,hw-versa-0001,vedge_branch,10.3.43.2,32.0
171,1716630032,53,E-43-2,Versa,versa_1,VOS,21.1.0,hw-versa-0001,vedge_branch,10.3.43.2,
172,1716630032,,E-44-1,Versa,versa_1,VOS,21.1.0,hw-versa-0001,vedge_branch,10.3.44.1,34.0
173,1716630032,52,E-44-1,Versa,versa_1,VOS,21.1.0,hw-versa-0001,vedge_branch,10.3.44.1,
174,1716630032,,E-44-2,Versa,versa_1,VOS,21.1.0,hw-versa-0001,vedge_branch,10.3.44.2,30.0
175,1716630032,51,E-44-2,Versa,versa_1,VOS,21.1.0,hw-versa-0001,vedge_branch,10.3.44.2,
176,1716630032,,E-45-1,Versa,versa_1,VOS,21.1.0,hw-versa-0001,vedge_branch,10.3.45.1,32.0
177,1716630032,51,E-45-1,Versa,versa_1,VOS,21.1.0,hw-versa-0001,vedge_branch,10.3.45.1,
178,1716630032,,E-45-2,Versa,versa_1,VOS,21.1.0,hw-versa-0001,vedge_branch,10.3.45.2,32.0
179,1716630032,53,E-45-2,Versa,versa_1,VOS,21.1.0,hw-versa-0001,vedge_branch,10.3.45.2,
180,1716630032,,E-46-1,Versa,versa_1,VOS,21.1.0,hw-versa-0001,vedge_branch,10.3.46.1,34.0
181,1716630032,51,E-46-1,Versa,versa_1,VOS,21.1.0,hw-versa-0001,vedge_branch,10.3.46.1,
182,1716630032,,E-46-2,Versa,versa_1,VOS,21.1.0,hw-versa-0001,vedge_branch,10.3.46.2,33.0
183,1716630032,53,E-46-2,Versa,versa_1,VOS,21.1.0,hw-versa-0001,vedge_branch,10.3.46.2,
184,1716630032,,E-47-1,Versa,versa_1,VOS,21.1.0,hw-versa-0001,vedge_branch,10.3.47.1,32.0
185,1716630032,54,E-47-1,Versa,versa_1,VOS,21.1.0,hw-versa-0001,vedge_branch,10.3.47.1,
186,1716630032,,E-47-2,Versa,versa_1,VOS,21.1.0,hw-versa-0001,vedge_branch,10.3.47.2,34.0
187,1716630032,54,E-47-2,Versa,versa_1,VOS,21.1.0,hw-versa-0001,vedge_branch,10.3.47.2,
188,1716630032,,E-48-1,Versa,versa_1,VOS,21.1.0,hw-versa-0001,vedge_branch,10.3.48.1,34.0
189,1716630032,50,E-48-1,Versa,versa_1,VOS,21.1.0,hw-versa-0001,vedge_branch,10.3.48.1,
190,1716630032,,E-48-2,Versa,versa_1,VOS,21.1.0,hw-versa-0001,vedge_branch,10.3.48.2,30.0
191,1716630032,51,E-48-2,Versa,versa_1,VOS,21.1.0,hw-versa-0001,vedge_branch,10.3.48.2,
192,1716630032,,E-49-1,Versa,versa_1,VOS,21.1.0,hw-versa-0001,vedge_branch,10.3.49.1,32.0
193,1716630032,51,E-49-1,Versa,versa_1,VOS,21.1.0,hw-versa-0001,vedge_branch,10.3.49.1,
194,1716630032,,E-49-2,Versa,versa_1,VOS,21.1.0,hw-versa-0001,vedge_branch,10.3.49.2,34.0
195,1716630032,53,E-49-2,Versa,versa_1,VOS,21.1.0,hw-versa-0001,vedge_branch,10.3.49.2,
196,1716630032,,E-50-1,Versa,versa_1,VOS,21.1.0,hw-versa-0001,vedge_branch,10.3.50.1,34.0
197,1716630032,51,E-50-1,Versa,versa_1,VOS,21.1.0,hw-versa-0001,vedge_branch,10.3.50.1,
198,1716630032,,E-50-2,Versa,versa_1,VOS,21.1.0,hw-versa-0001,vedge_branch,10.3.50.2,32.0
199,1716630032,53,E-50-2,Versa,versa_1,VOS,21.1.0,hw-versa-0001,vedge_branch,10.3.50.2,
200,1716630032,,E-51-1,Versa,versa_1,VOS,21.1.0,hw-versa-0001,vedge_branch,10.3.51.1,34.0
201,1716630032,54,E-51-1,Versa,versa_1,VOS,21.1.0,hw-versa-0001,vedge_branch,10.3.51.1,
202,1716630032,,E-51-2,Versa,versa_1,VOS,21.1.0,hw-versa-0001,vedge_branch,10.3.51.2,34.0
203,1716630032,54,E-51-2,Versa,versa_1,VOS,21.1.0,hw-versa-0001,vedge_branch,10.3.51.2,
204,1716630032,,E-52-1,Versa,versa_1,VOS,21.1.0,hw-versa-0001,vedge_branch,10.3.52.1,34.0
205,1716630032,50,E-52-1,Versa,versa_1,VOS,21.1.0,hw-versa-0001,vedge_branch,10.3.52.1,
206,1716630032,,E-52-2,Versa,versa_1,VOS,21.1.0,hw-versa-0001,vedge_branch,10.3.52.2,34.0
207,1716630032,54,E-52-2,Versa,versa_1,VOS,21.1.0,hw-versa-0001,vedge_branch,10.3.52.2,
208,1716630032,,E-53-1,Versa,versa_1,VOS,21.1.0,hw-versa-0001,vedge_branch,10.3.53.1,33.0
209,1716630032,50,E-53-1,Versa,versa_1,VOS,21.1.0,hw-versa-0001,vedge_branch,10.3.53.1,
210,1716630032,,E-53-2,Versa,versa_1,VOS,21.1.0,hw-versa-0001,vedge_branch,10.3.53.2,34.0
211,1716630032,54,E-53-2,Versa,versa_1,VOS,21.1.0,hw-versa-0001,vedge_branch,10.3.53.2,
212,1716630032,,E-54-1,Versa,versa_1,VOS,21.1.0,hw-versa-0001,vedge_branch,10.3.54.1,34.0
213,1716630032,50,E-54-1,Versa,versa_1,VOS,21.1.0,hw-versa-0001,vedge_branch,10.3.54.1,
214,1716630032,,E-54-2,Versa,versa_1,VOS,21.1.0,hw-versa-0001,vedge_branch,10.3.54.2,33.0
215,1716630032,50,E-54-2,Versa,versa_1,VOS,21.1.0,hw-versa-0001,vedge_branch,10.3.54.2,
216,1716630032,,E-55-1,Versa,versa_1,VOS,21.1.0,hw-versa-0001,vedge_branch,10.3.55.1,33.0
217,1716630032,51,E-55-1,Versa,versa_1,VOS,21.1.0,hw-versa-0001,vedge_branch,10.3.55.1,
218,1716630032,,E-55-2,Versa,versa_1,VOS,21.1.0,hw-versa-0001,vedge_branch,10.3.55.2,30.0
219,1716630032,51,E-55-2,Versa,versa_1,VOS,21.1.0,hw-versa-0001,vedge_branch,10.3.55.2,
220,1716630032,,E-56-1,Versa,versa_1,VOS,21.1.0,hw-versa-0001,vedge_branch,10.3.56.1,32.0
221,1716630032,50,E-56-1,Versa,versa_1,VOS,21.1.0,hw-versa-0001,vedge_branch,10.3.56.1,
222,1716630032,,E-56-2,Versa,versa_1,VOS,21.1.0,hw-versa-0001,vedge_branch,10.3.56.2,34.0
223,1716630032,53,E-56-2,Versa,versa_1,VOS,21.1.0,hw-versa-0001,vedge_branch,10.3.56.2,
224,1716630032,,E-57-1,Versa,versa_1,VOS,21.1.0,hw-versa-0001,vedge_branch,10.3.57.1,32.0
225,1716630032,50,E-57-1,Versa,versa_1,VOS,21.1.0,hw-versa-0001,vedge_branch,10.3.57.1,
226,1716630032,,E-57-2,Versa,versa_1,VOS,21.1.0,hw-versa-0001,vedge_branch,10.3.57.2,34.0
227,1716630032,51,E-57-2,Versa,versa_1,VOS,21.1.0,hw-versa-0001,vedge_branch,10.3.57.2,
228,1716630032,,E-58-1,Versa,versa_1,VOS,21.1.0,hw-versa-0001,vedge_branch,10.3.58.1,32.0
229,1716630032,52,E-58-1,Versa,versa_1,VOS,21.1.0,hw-versa-0001,vedge_branch,10.3.58.1,
230,1716630032,,E-58-2,Versa,versa_1,VOS,21.1.0,hw-versa-0001,vedge_branch,10.3.58.2,33.0
231,1716630032,54,E-58-2,Versa,versa_1,VOS,21.1.0,hw-versa-0001,vedge_branch,10.3.58.2,
232,1716630032,,E-59-1,Versa,versa_1,VOS,21.1.0,hw-versa-0001,vedge_branch,10.3.59.1,34.0
233,1716630032,54,E-59-1,Versa,versa_1,VOS,21.1.0,hw-versa-0001,vedge_branch,10.3.59.1,
234,1716630032,,E-59-2,Versa,versa_1,VOS,21.1.0,hw-versa-0001,vedge_branch,10.3.59.2,30.0
235,1716630032,53,E-59-2,Versa,versa_1,VOS,21.1.0,hw-versa-0001,vedge_branch,10.3.59.2,
236,1716630032,,E-60-1,Versa,versa_1,VOS,21.1.0,hw-versa-0001,vedge_branch,10.3.60.1,30.0
237,1716630032,80,E-60-1,Versa,versa_1,VOS,21.1.0,hw-versa-0001,vedge_branch,10.3.60.1,
238,1716630032,,E-60-2,Versa,versa_1,VOS,21.1.0,hw-versa-0001,vedge_branch,10.3.60.2,30.0
239,1716630032,80,E-60-2,Versa,versa_1,VOS,21.1.0,hw-versa-0001,vedge_branch,10.3.60.2,
240,1716630032,,E-61-1,Versa,versa_1,VOS,21.1.0,hw-versa-0001,vedge_branch,10.3.61.1,30.0
241,1716630032,80,E-61-1,Versa,versa_1,VOS,21.1.0,hw-versa-0001,vedge_branch,10.3.61.1,
242,1716630032,,E-61-2,Versa,versa_1,VOS,21.1.0,hw-versa-0001,vedge_branch,10.3.61.2,30.0
243,1716630032,80,E-61-2,Versa,versa_1,VOS,21.1.0,hw-versa-0001,vedge_branch,10.3.61.2,
244,1716630032,,E-62-1,Versa,versa_1,VOS,21.1.0,hw-versa-0001,vedge_branch,10.3.62.1,33.0
245,1716630032,81,E-62-1,Versa,versa_1,VOS,21.1.0,hw-versa-0001,vedge_branch,10.3.62.1,
246,1716630032,,E-62-2,Versa,versa_1,VOS,21.1.0,hw-versa-0001,vedge_branch,10.3.62.2,33.0
247,1716630032,80,E-62-2,Versa,versa_1,VOS,21.1.0,hw-versa-0001,vedge_branch,10.3.62.2,
248,1716630032,,E-63-1,Versa,versa_1,VOS,21.1.0,hw-versa-0001,vedge_branch,10.3.63.1,30.0
249,1716630032,80,E-63-1,Versa,versa_1,VOS,21.1.0,hw-versa-0001,vedge_branch,10.3.63.1,
250,1716630032,,E-63-2,Versa,versa_1,VOS,21.1.0,hw-versa-0001,vedge_branch,10.3.63.2,34.0
251,1716630032,81,E-63-2,Versa,versa_1,VOS,21.1.0,hw-versa-0001,vedge_branch,10.3.63.2,
252,1716630032,,E-64-1,Versa,versa_1,VOS,21.1.0,hw-versa-0001,vedge_branch,10.3.64.1,30.0
253,1716630032,81,E-64-1,Versa,versa_1,VOS,21.1.0,hw-versa-0001,vedge_branch,10.3.64.1,
254,1716630032,,E-64-2,Versa,versa_1,VOS,21.1.0,hw-versa-0001,vedge_branch,10.3.64.2,33.0
255,1716630032,80,E-64-2,Versa,versa_1,VOS,21.1.0,hw-versa-0001,vedge_branch,10.3.64.2,
256,1716630032,,E-65-1,Versa,versa_1,VOS,21.1.0,hw-versa-0001,vedge_branch,10.3.65.1,30.0
257,1716630032,80,E-65-1,Versa,versa_1,VOS,21.1.0,hw-versa-0001,vedge_branch,10.3.65.1,
258,1716630032,,E-65-2,Versa,versa_1,VOS,21.1.0,hw-versa-0001,vedge_branch,10.3.65.2,33.0
259,1716630032,80,E-65-2,Versa,versa_1,VOS,21.1.0,hw-versa-0001,vedge_branch,10.3.65.2,
260,1716630032,,E-66-1,Versa,versa_1,VOS,21.1.0,hw-versa-0001,vedge_branch,10.3.66.1,31.0
261,1716630032,81,E-66-1,Versa,versa_1,VOS,21.1.0,hw-versa-0001,vedge_branch,10.3.66.1,
262,1716630032,,E-66-2,Versa,versa_1,VOS,21.1.0,hw-versa-0001,vedge_branch,10.3.66.2,30.0
263,1716630032,80,E-66-2,Versa,versa_1,VOS,21.1.0,hw-versa-0001,vedge_branch,10.3.66.2,
264,1716630032,,E-67-1,Versa,versa_1,VOS,21.1.0,hw-versa-0001,vedge_branch,10.3.67.1,30.0
265,1716630032,80,E-67-1,Versa,versa_1,VOS,21.1.0,hw-versa-0001,vedge_branch,10.3.67.1,
266,1716630032,,E-67-2,Versa,versa_1,VOS,21.1.0,hw-versa-0001,vedge_branch,10.3.67.2,33.0
267,1716630032,81,E-67-2,Versa,versa_1,VOS,21.1.0,hw-versa-0001,vedge_branch,10.3.67.2,
268,1716630032,,E-68-1,Versa,versa_1,VOS,21.1.0,hw-versa-0001,vedge_branch,10.3.68.1,33.0
269,1716630032,81,E-68-1,Versa,versa_1,VOS,21.1.0,hw-versa-0001,vedge_branch,10.3.68.1,
270,1716630032,,E-68-2,Versa,versa_1,VOS,21.1.0,hw-versa-0001,vedge_branch,10.3.68.2,33.0
271,1716630032,80,E-68-2,Versa,versa_1,VOS,21.1.0,hw-versa-0001,vedge_branch,10.3.68.2,
272,1716630032,,E-69-1,Versa,versa_1,VOS,21.1.0,hw-versa-0001,vedge_branch,10.3.69.1,33.0
273,1716630032,80,E-69-1,Versa,versa_1,VOS,21.1.0,hw-versa-0001,vedge_branch,10.3.69.1,
274,1716630032,,E-69-2,Versa,versa_1,VOS,21.1.0,hw-versa-0001,vedge_branch,10.3.69.2,30.0
275,1716630032,80,E-69-2,Versa,versa_1,VOS,21.1.0,hw-versa-0001,vedge_branch,10.3.69.2,
276,1716630032,,E-70-1,Versa,versa_1,VOS,21.1.0,hw-versa-0001,vedge_branch,10.3.70.1,31.0
277,1716630032,81,E-70-1,Versa,versa_1,VOS,21.1.0,hw-versa-0001,vedge_branch,10.3.70.1,
278,1716630032,,E-70-2,Versa,versa_1,VOS,21.1.0,hw-versa-0001,vedge_branch,10.3.70.2,33.0
279,1716630032,81,E-70-2,Versa,versa_1,VOS,21.1.0,hw-versa-0001,vedge_branch,10.3.70.2,
280,1716630032,,E-71-1,Versa,versa_1,VOS,21.1.0,hw-versa-0001,vedge_branch,10.3.71.1,34.0
281,1716630032,80,E-71-1,Versa,versa_1,VOS,21.1.0,hw-versa-0001,vedge_branch,10.3.71.1,
282,1716630032,,E-71-2,Versa,versa_1,VOS,21.1.0,hw-versa-0001,vedge_branch,10.3.71.2,34.0
283,1716630032,80,E-71-2,Versa,versa_1,VOS,21.1.0,hw-versa-0001,vedge_branch,10.3.71.2,
284,1716630032,,E-72-1,Versa,versa_1,VOS,21.1.0,hw-versa-0001,vedge_branch,10.3.72.1,33.0
285,1716630032,81,E-72-1,Versa,versa_1,VOS,21.1.0,hw-versa-0001,vedge_branch,10.3.72.1,
286,1716630032,,E-72-2,Versa,versa_1,VOS,21.1.0,hw-versa-0001,vedge_branch,10.3.72.2,30.0
287,1716630032,81,E-72-2,Versa,versa_1,VOS,21.1.0,hw-versa-0001,vedge_branch,10.3.72.2,
288,1716630032,,E-73-1,Versa,versa_1,VOS,21.1.0,hw-versa-0001,vedge_branch,10.3.73.1,31.0
289,1716630032,81,E-73-1,Versa,versa_1,VOS,21.1.0,hw-versa-0001,vedge_branch,10.3.73.1,
290,1716630032,,E-73-2,Versa,versa_1,VOS,21.1.0,hw-versa-0001,vedge_branch,10.3.73.2,31.0
291,1716630032,81,E-73-2,Versa,versa_1,VOS,21.1.0,hw-versa-0001,vedge_branch,10.3.73.2,
292,1716630032,,E-74-1,Versa,versa_1,VOS,21.1.0,hw-versa-0001,vedge_branch,10.3.74.1,34.0
293,1716630032,81,E-74-1,Versa,versa_1,VOS,21.1.0,hw-versa-0001,vedge_branch,10.3.74.1,
294,1716630032,,E-74-2,Versa,versa_1,VOS,21.1.0,hw-versa-0001,vedge_branch,10.3.74.2,31.0
295,1716630032,81,E-74-2,Versa,versa_1,VOS,21.1.0,hw-versa-0001,vedge_branch,10.3.74.2,
296,1716630032,,E-75-1,Versa,versa_1,VOS,21.1.0,hw-versa-0001,vedge_branch,10.3.75.1,31.0
297,1716630032,80,E-75-1,Versa,versa_1,VOS,21.1.0,hw-versa-0001,vedge_branch,10.3.75.1,
298,1716630032,,E-75-2,Versa,versa_1,VOS,21.1.0,hw-versa-0001,vedge_branch,10.3.75.2,31.0
299,1716630032,81,E-75-2,Versa,versa_1,VOS,21.1.0,hw-versa-0001,vedge_branch,10.3.75.2,
300,1716630032,,E-76-1,Versa,versa_1,VOS,21.1.0,hw-versa-0001,vedge_branch,10.3.76.1,30.0
301,1716630032,80,E-76-1,Versa,versa_1,VOS,21.1.0,hw-versa-0001,vedge_branch,10.3.76.1,
302,1716630032,,E-76-2,Versa,versa_1,VOS,21.1.0,hw-versa-0001,vedge_branch,10.3.76.2,32.0
303,1716630032,81,E-76-2,Versa,versa_1,VOS,21.1.0,hw-versa-0001,vedge_branch,10.3.76.2,
304,1716630032,,E-77-1,Versa,versa_1,VOS,21.1.0,hw-versa-0001,vedge_branch,10.3.77.1,32.0
305,1716630032,81,E-77-1,Versa,versa_1,VOS,21.1.0,hw-versa-0001,vedge_branch,10.3.77.1,
306,1716630032,,E-77-2,Versa,versa_1,VOS,21.1.0,hw-versa-0001,vedge_branch,10.3.77.2,33.0
307,1716630032,81,E-77-2,Versa,versa_1,VOS,21.1.0,hw-versa-0001,vedge_branch,10.3.77.2,
308,1716630032,,E-78-1,Versa,versa_1,VOS,21.1.0,hw-versa-0001,vedge_branch,10.3.78.1,34.0
309,1716630032,80,E-78-1,Versa,versa_1,VOS,21.1.0,hw-versa-0001,vedge_branch,10.3.78.1,
310,1716630032,,E-78-2,Versa,versa_1,VOS,21.1.0,hw-versa-0001,vedge_branch,10.3.78.2,33.0
311,1716630032,81,E-78-2,Versa,versa_1,VOS,21.1.0,hw-versa-0001,vedge_branch,10.3.78.2,
312,1716630032,,E-79-1,Versa,versa_1,VOS,21.1.0,hw-versa-0001,vedge_branch,10.3.79.1,31.0
313,1716630032,81,E-79-1,Versa,versa_1,VOS,21.1.0,hw-versa-0001,vedge_branch,10.3.79.1,
314,1716630032,,E-79-2,Versa,versa_1,VOS,21.1.0,hw-versa-0001,vedge_branch,10.3.79.2,33.0
315,1716630032,80,E-79-2,Versa,versa_1,VOS,21.1.0,hw-versa-0001,vedge_branch,10.3.79.2,
316,1716630032,,E-80-1,Versa,versa_1,VOS,21.1.0,hw-versa-0001,vedge_branch,10.3.80.1,32.0
317,1716630032,81,E-80-1,Versa,versa_1,VOS,21.1.0,hw-versa-0001,vedge_branch,10.3.80.1,
318,1716630032,,E-80-2,Versa,versa_1,VOS,21.1.0,hw-versa-0001,vedge_branch,10.3.80.2,33.0
319,1716630032,81,E-80-2,Versa,versa_1,VOS,21.1.0,hw-versa-0001,vedge_branch,10.3.80.2,
320,1716630032,,E-81-1,Versa,versa_1,VOS,21.1.0,hw-versa-0001,vedge_branch,10.3.81.1,30.0
321,1716630032,81,E-81-1,Versa,versa_1,VOS,21.1.0,hw-versa-0001,vedge_branch,10.3.81.1,
322,1716630032,,E-81-2,Versa,versa_1,VOS,21.1.0,hw-versa-0001,vedge_branch,10.3.81.2,30.0
323,1716630032,81,E-81-2,Versa,versa_1,VOS,21.1.0,hw-versa-0001,vedge_branch,10.3.81.2,
324,1716630032,,E-82-1,Versa,versa_1,VOS,21.1.0,hw-versa-0001,vedge_branch,10.3.82.1,33.0
325,1716630032,80,E-82-1,Versa,versa_1,VOS,21.1.0,hw-versa-0001,vedge_branch,10.3.82.1,
326,1716630032,,E-82-2,Versa,versa_1,VOS,21.1.0,hw-versa-0001,vedge_branch,10.3.82.2,30.0
327,1716630032,81,E-82-2,Versa,versa_1,VOS,21.1.0,hw-versa-0001,vedge_branch,10.3.82.2,
328,1716630032,,E-83-1,Versa,versa_1,VOS,21.1.0,hw-versa-0001,vedge_branch,10.3.83.1,33.0
329,1716630032,81,E-83-1,Versa,versa_1,VOS,21.1.0,hw-versa-0001,vedge_branch,10.3.83.1,
330,1716630032,,E-83-2,Versa,versa_1,VOS,21.1.0,hw-versa-0001,vedge_branch,10.3.83.2,32.0
331,1716630032,80,E-83-2,Versa,versa_1,VOS,21.1.0,hw-versa-0001,vedge_branch,10.3.83.2,
332,1716630032,,E-84-1,Versa,versa_1,VOS,21.1.0,hw-versa-0001,vedge_branch,10.3.84.1,32.0
333,1716630032,81,E-84-1,Versa,versa_1,VOS,21.1.0,hw-versa-0001,vedge_branch,10.3.84.1,
334,1716630032,,E-84-2,Versa,versa_1,VOS,21.1.0,hw-versa-0001,vedge_branch,10.3.84.2,30.0
335,1716630032,81,E-84-2,Versa,versa_1,VOS,21.1.0,hw-versa-0001,vedge_branch,10.3.84.2,
336,1716630032,,E-85-1,Versa,versa_1,VOS,21.1.0,hw-versa-0001,vedge_branch,10.3.85.1,31.0
337,1716630032,81,E-85-1,Versa,versa_1,VOS,21.1.0,hw-versa-0001,vedge_branch,10.3.85.1,
338,1716630032,,E-85-2,Versa,versa_1,VOS,21.1.0,hw-versa-0001,vedge_branch,10.3.85.2,34.0
339,1716630032,80,E-85-2,Versa,versa_1,VOS,21.1.0,hw-versa-0001,vedge_branch,10.3.85.2,
340,1716630032,,E-86-1,Versa,versa_1,VOS,21.1.0,hw-versa-0001,vedge_branch,10.3.86.1,31.0
341,1716630032,80,E-86-1,Versa,versa_1,VOS,21.1.0,hw-versa-0001,vedge_branch,10.3.86.1,
342,1716630032,,E-86-2,Versa,versa_1,VOS,21.1.0,hw-versa-0001,vedge_branch,10.3.86.2,33.0
343,1716630032,81,E-86-2,Versa,versa_1,VOS,21.1.0,hw-versa-0001,vedge_branch,10.3.86.2,
344,1716630032,,E-87-1,Versa,versa_1,VOS,21.1.0,hw-versa-0001,vedge_branch,10.3.87.1,33.0
345,1716630032,80,E-87-1,Versa,versa_1,VOS,21.1.0,hw-versa-0001,vedge_branch,10.3.87.1,
346,1716630032,,E-87-2,Versa,versa_1,VOS,21.1.0,hw-versa-0001,vedge_branch,10.3.87.2,30.0
347,1716630032,81,E-87-2,Versa,versa_1,VOS,21.1.0,hw-versa-0001,vedge_branch,10.3.87.2,
348,1716630032,,E-88-1,Versa,versa_1,VOS,21.1.0,hw-versa-0001,vedge_branch,10.3.88.1,30.0
349,1716630032,81,E-88-1,Versa,versa_1,VOS,21.1.0,hw-versa-0001,vedge_branch,10.3.88.1,
350,1716630032,,E-88-2,Versa,versa_1,VOS,21.1.0,hw-versa-0001,vedge_branch,10.3.88.2,30.0
351,1716630032,80,E-88-2,Versa,versa_1,VOS,21.1.0,hw-versa-0001,vedge_branch,10.3.88.2,
352,1716630032,,E-89-1,Versa,versa_1,VOS,21.1.0,hw-versa-0001,vedge_branch,10.3.89.1,34.0
353,1716630032,81,E-89-1,Versa,versa_1,VOS,21.1.0,hw-versa-0001,vedge_branch,10.3.89.1,
354,1716630032,,E-89-2,Versa,versa_1,VOS,21.1.0,hw-versa-0001,vedge_branch,10.3.89.2,33.0
355,1716630032,80,E-89-2,Versa,versa_1,VOS,21.1.0,hw-versa-0001,vedge_branch,10.3.89.2,
356,1716630032,,E-90-1,Versa,versa_1,VOS,21.1.0,hw-versa-0001,vedge_branch,10.3.90.1,30.0
357,1716630032,81,E-90-1,Versa,versa_1,VOS,21.1.0,hw-versa-0001,vedge_branch,10.3.90.1,
358,1716630032,,E-90-2,Versa,versa_1,VOS,21.1.0,hw-versa-0001,vedge_branch,10.3.90.2,30.0
359,1716630032,81,E-90-2,Versa,versa_1,VOS,21.1.0,hw-versa-0001,vedge_branch,10.3.90.2,
360,1716630032,,E-91-1,Versa,versa_1,VOS,21.1.0,hw-versa-0001,vedge_branch,10.3.91.1,32.0
361,1716630032,81,E-91-1,Versa,versa_1,VOS,21.1.0,hw-versa-0001,vedge_branch,10.3.91.1,
362,1716630032,,E-91-2,Versa,versa_1,VOS,21.1.0,hw-versa-0001,vedge_branch,10.3.91.2,33.0
363,1716630032,80,E-91-2,Versa,versa_1,VOS,21.1.0,hw-versa-0001,vedge_branch,10.3.91.2,
364,1716630032,,E-92-1,Versa,versa_1,VOS,21.1.0,hw-versa-0001,vedge_branch,10.3.92.1,34.0
365,1716630032,81,E-92-1,Versa,versa_1,VOS,21.1.0,hw-versa-0001,vedge_branch,10.3.92.1,
366,1716630032,,E-92-2,Versa,versa_1,VOS,21.1.0,hw-versa-0001,vedge_branch,10.3.92.2,33.0
367,1716630032,80,E-92-2,Versa,versa_1,VOS,21.1.0,hw-versa-0001,vedge_branch,10.3.92.2,
368,1716630032,,E-93-1,Versa,versa_1,VOS,21.1.0,hw-versa-0001,vedge_branch,10.3.93.1,30.0
369,1716630032,81,E-93-1,Versa,versa_1,VOS,21.1.0,hw-versa-0001,vedge_branch,10.3.93.1,
370,1716630032,,E-93-2,Versa,versa_1,VOS,21.1.0,hw-versa-0001,vedge_branch,10.3.93.2,33.0
371,1716630032,80,E-93-2,Versa,versa_1,VOS,21.1.0,hw-versa-0001,vedge_branch,10.3.93.2,
372,1716630032,,E-94-1,Versa,versa_1,VOS,21.1.0,hw-versa-0001,vedge_branch,10.3.94.1,30.0
373,1716630032,80,E-94-1,Versa,versa_1,VOS,21.1.0,hw-versa-0001,vedge_branch,10.3.94.1,
374,1716630032,,E-94-2,Versa,versa_1,VOS,21.1.0,hw-versa-0001,vedge_branch,10.3.94.2,34.0
375,1716630032,81,E-94-2,Versa,versa_1,VOS,21.1.0,hw-versa-0001,vedge_branch,10.3.94.2,
376,1716630032,,E-95-1,Versa,versa_1,VOS,21.1.0,hw-versa-0001,vedge_branch,10.3.95.1,32.0
377,1716630032,80,E-95-1,Versa,versa_1,VOS,21.1.0,hw-versa-0001,vedge_branch,10.3.95.1,
378,1716630032,,E-95-2,Versa,versa_1,VOS,21.1.0,hw-versa-0001,vedge_branch,10.3.95.2,31.0
379,1716630032,81,E-95-2,Versa,versa_1,VOS,21.1.0,hw-versa-0001,vedge_branch,10.3.95.2,
380,1716630032,,E-96-1,Versa,versa_2,VOS,21.1.1,hw-versa-0001,vedge_branch,10.3.96.1,33.0
381,1716630032,81,E-96-1,Versa,versa_2,VOS,21.1.1,hw-versa-0001,vedge_branch,10.3.96.1,
382,1716630032,,E-96-2,Versa,versa_2,VOS,21.1.1,hw-versa-0001,vedge_branch,10.3.96.2,31.0
383,1716630032,81,E-96-2,Versa,versa_2,VOS,21.1.1,hw-versa-0001,vedge_branch,10.3.96.2,
384,1716630032,,E-97-1,Versa,versa_2,VOS,21.1.1,hw-versa-0001,vedge_branch,10.3.97.1,34.0
385,1716630032,81,E-97-1,Versa,versa_2,VOS,21.1.1,hw-versa-0001,vedge_branch,10.3.97.1,
386,1716630032,,E-97-2,Versa,versa_2,VOS,21.1.1,hw-versa-0001,vedge_branch,10.3.97.2,31.0
387,1716630032,81,E-97-2,Versa,versa_2,VOS,21.1.1,hw-versa-0001,vedge_branch,10.3.97.2,
388,1716630032,,E-98-1,Versa,versa_2,VOS,21.1.1,hw-versa-0001,vedge_branch,10.3.98.1,32.0
389,1716630032,11,E-98-1,Versa,versa_2,VOS,21.1.1,hw-versa-0001,vedge_branch,10.3.98.1,
390,1716630032,,E-98-2,Versa,versa_2,VOS,21.1.1,hw-versa-0001,vedge_branch,10.3.98.2,30.0
391,1716630032,10,E-98-2,Versa,versa_2,VOS,21.1.1,hw-versa-0001,vedge_branch,10.3.98.2,
392,1716630032,,E-99-1,Versa,versa_2,VOS,21.1.1,hw-versa-0001,vedge_branch,10.3.99.1,33.0
393,1716630032,11,E-99-1,Versa,versa_2,VOS,21.1.1,hw-versa-0001,vedge_branch,10.3.99.1,
394,1716630032,,E-99-2,Versa,versa_2,VOS,21.1.1,hw-versa-0001,vedge_branch,10.3.99.2,34.0
395,1716630032,10,E-99-2,Versa,versa_2,VOS,21.1.1,hw-versa-0001,vedge_branch,10.3.99.2,
396,1716630032,,E-100-1,Versa,versa_2,VOS,21.1.0,hw-versa-0002,vedge_hub,10.3.100.1,78.0
397,1716630032,34,E-100-1,Versa,versa_2,VOS,21.1.0,hw-versa-0002,vedge_hub,10.3.100.1,
398,1716630032,,E-100-2,Versa,versa_2,VOS,21.1.0,hw-versa-0002,vedge_hub,10.3.100.2,78.0
399,1716630032,32,E-100-2,Versa,versa_2,VOS,21.1.0,hw-versa-0002,vedge_hub,10.3.100.2,
